{
  "aggregate": {
    "document_count": 310,
    "field_scores": {
      "certifications": 0.26151290429341745,
      "education": 0.4997311827956989,
      "email": 0.5870967741935483,
      "full_name": 0.6435311059907833,
      "github_url": 0.4032258064516129,
      "linkedin_url": 0.43870967741935485,
      "location": 0.5713824884792627,
      "phone": 0.5806451612903226,
      "projects": 0.2706647134722384,
      "skills": 0.5712639481911929,
      "summary": 0.6019786119024443,
      "work_experience": 0.41870307268257717
    },
    "json_valid_rate": 0.8290322580645161,
    "macro_score": 0.48737045393020484,
    "micro_score": 0.4873704539302045,
    "schema_valid_rate": 0.8290322580645161,
    "unsupported_evidence_rate": 0.027148675697062773
  },
  "mean_latency_seconds": 15.272798508532258,
  "model_id": "Qwen/Qwen3-0.6B",
  "representation": "pymupdf_text",
  "results_path": "artifacts/trials/qwen3/pymupdf_text_id_test/qwen3-0.6b-pymupdf_text-63a45bbd20/results.jsonl",
  "revision": "c1899de289a04d12100db370d81485cdf75e47ca",
  "run_id": "qwen3-0.6b-pymupdf_text-63a45bbd20"
}
