{
  "aggregate": {
    "document_count": 50,
    "field_scores": {
      "certifications": 0.20297759954980094,
      "education": 0.7491071428571427,
      "email": 0.8,
      "full_name": 0.98,
      "github_url": 0.48,
      "linkedin_url": 0.42,
      "location": 0.79875,
      "phone": 0.8,
      "projects": 0.27184141414141416,
      "skills": 0.7831794314915825,
      "summary": 0.9067158340118867,
      "work_experience": 0.5618737237227296
    },
    "json_valid_rate": 0.98,
    "macro_score": 0.6462037621478797,
    "micro_score": 0.64620376214788,
    "schema_valid_rate": 0.98,
    "unsupported_evidence_rate": 0.04473015873015873
  },
  "mean_latency_seconds": 14.070394124519995,
  "model_id": "Qwen/Qwen3-0.6B",
  "representation": "pymupdf_tesseract_fallback",
  "results_path": "artifacts/trials/qwen3/pymupdf_tesseract_fallback_debug_50/qwen3-0.6b-pymupdf_tesseract_fallback-bcaa1707dc/results.jsonl",
  "revision": "c1899de289a04d12100db370d81485cdf75e47ca",
  "run_id": "qwen3-0.6b-pymupdf_tesseract_fallback-bcaa1707dc"
}
