{
  "aggregate": {
    "document_count": 310,
    "field_scores": {
      "certifications": 0.19788755241754555,
      "education": 0.6413306451612903,
      "email": 0.7677419354838709,
      "full_name": 0.8208781362007168,
      "github_url": 0.4064516129032258,
      "linkedin_url": 0.45483870967741935,
      "location": 0.7406078438408267,
      "phone": 0.7580645161290323,
      "projects": 0.22670945272437906,
      "skills": 0.7061951409448044,
      "summary": 0.772097724639507,
      "work_experience": 0.5415914423703934
    },
    "json_valid_rate": 1.0,
    "macro_score": 0.5861995593744185,
    "micro_score": 0.5861995593744177,
    "schema_valid_rate": 1.0,
    "unsupported_evidence_rate": 0.028268514639482364
  },
  "mean_latency_seconds": 12.653142678864503,
  "model_id": "Qwen/Qwen3-0.6B",
  "representation": "pymupdf_text",
  "results_path": "artifacts/trials/qwen3/pymupdf_text_validation/qwen3-0.6b-pymupdf_text-f9d63bb9dd/results.jsonl",
  "revision": "c1899de289a04d12100db370d81485cdf75e47ca",
  "run_id": "qwen3-0.6b-pymupdf_text-f9d63bb9dd"
}
