{
  "aggregate": {
    "document_count": 410,
    "field_scores": {
      "certifications": 0.20246622396606162,
      "education": 0.7142276422764228,
      "email": 0.9926829268292683,
      "full_name": 1.0,
      "github_url": 0.5634146341463414,
      "linkedin_url": 0.4951219512195122,
      "location": 0.8348374641898612,
      "phone": 0.9853658536585366,
      "projects": 0.1773352465249951,
      "skills": 0.8162693843538403,
      "summary": 0.6533862272466873,
      "work_experience": 0.5877412814218054
    },
    "json_valid_rate": 1.0,
    "macro_score": 0.6685707363194439,
    "micro_score": 0.6685707363194446,
    "schema_valid_rate": 1.0,
    "unsupported_evidence_rate": 0.03862210959771933
  },
  "mean_latency_seconds": 13.13520062769754,
  "model_id": "Qwen/Qwen3-0.6B",
  "representation": "pymupdf_text",
  "results_path": "artifacts/trials/qwen3/pymupdf_text_ood_test/qwen3-0.6b-pymupdf_text-7f76756aeb/results.jsonl",
  "revision": "c1899de289a04d12100db370d81485cdf75e47ca",
  "run_id": "qwen3-0.6b-pymupdf_text-7f76756aeb"
}
