{
  "aggregate": {
    "document_count": 310,
    "field_scores": {
      "certifications": 0.2279897561571775,
      "education": 0.7433938172043011,
      "email": 0.8483870967741935,
      "full_name": 0.9956093189964158,
      "github_url": 0.42258064516129035,
      "linkedin_url": 0.47419354838709676,
      "location": 0.8515755857763107,
      "phone": 0.867741935483871,
      "projects": 0.2801829037573408,
      "skills": 0.7994223172184822,
      "summary": 0.9276595753021489,
      "work_experience": 0.6120913494270654
    },
    "json_valid_rate": 1.0,
    "macro_score": 0.6709023208038076,
    "micro_score": 0.6709023208038079,
    "schema_valid_rate": 0.9967741935483871,
    "unsupported_evidence_rate": 0.04098112461015683
  },
  "mean_latency_seconds": 13.321154497687102,
  "model_id": "Qwen/Qwen3-0.6B",
  "representation": "pymupdf_tesseract_fallback",
  "results_path": "artifacts/trials/qwen3/pymupdf_tesseract_fallback_validation/qwen3-0.6b-pymupdf_tesseract_fallback-6cd3dab7c1/results.jsonl",
  "revision": "c1899de289a04d12100db370d81485cdf75e47ca",
  "run_id": "qwen3-0.6b-pymupdf_tesseract_fallback-6cd3dab7c1"
}
